ethnicity,Method,mean_quality,count,std_dev,ci95,lower,upper
black,debias,3.593220338983051,118,1.3219856092392914,0.24101777877113123,3.3522025602119196,3.8342381177541824
black,normal,3.6607142857142856,56,1.0664603425996027,0.285599944790003,3.3751143409242825,3.9463142305042886
caucasian,debias,3.5714285714285716,162,1.2435548123941187,0.19294446447783486,3.3784841069507365,3.7643730359064067
caucasian,normal,3.7845528455284554,246,1.1979255893435594,0.1504392061562082,3.6341136393722473,3.9349920516846635
other,debias,3.5833333333333335,132,1.2663686538405887,0.21804786804668974,3.365285465286644,3.801381201380023
other,normal,3.8688524590163933,122,1.0829315864942533,0.19410399613438237,3.674748462882011,4.0629564551507755
unintelligible,debias,2.6538461538461537,26,1.2310095919141388,0.4972155345939989,2.1566306192521547,3.1510616884401528
unintelligible,normal,2.7333333333333334,15,1.334523278535216,0.7390343584411314,1.994298974892202,3.4723676917744646
